<?xml version="1.0" encoding="UTF-8"?>
<project-private xmlns="http://www.netbeans.org/ns/project-private/1">
    <editor-bookmarks xmlns="http://www.netbeans.org/ns/editor-bookmarks/2" lastBookmarkId="0"/>
    <open-files xmlns="http://www.netbeans.org/ns/projectui-open-files/2">
        <group>
            <file>file:/C:/Users/User/Documents/NetBeansProjects/DistanceEducation/src/DistanceEducation/e2.java</file>
            <file>file:/C:/Users/User/Documents/NetBeansProjects/DistanceEducation/src/DistanceEducation/g3.java</file>
            <file>file:/C:/Users/User/Documents/NetBeansProjects/DistanceEducation/src/DistanceEducation/g2.java</file>
            <file>file:/C:/Users/User/Documents/NetBeansProjects/DistanceEducation/src/DistanceEducation/german.java</file>
            <file>file:/C:/Users/User/Documents/NetBeansProjects/DistanceEducation/src/DistanceEducation/tc.java</file>
            <file>file:/C:/Users/User/Documents/NetBeansProjects/DistanceEducation/src/DistanceEducation/english.java</file>
            <file>file:/C:/Users/User/Documents/NetBeansProjects/DistanceEducation/src/DistanceEducation/Welcome.java</file>
            <file>file:/C:/Users/User/Documents/NetBeansProjects/DistanceEducation/src/DistanceEducation/french.java</file>
            <file>file:/C:/Users/User/Documents/NetBeansProjects/DistanceEducation/src/DistanceEducation/f3.java</file>
            <file>file:/C:/Users/User/Documents/NetBeansProjects/DistanceEducation/src/DistanceEducation/f1.java</file>
            <file>file:/C:/Users/User/Documents/NetBeansProjects/DistanceEducation/src/DistanceEducation/g1.java</file>
            <file>file:/C:/Users/User/Documents/NetBeansProjects/DistanceEducation/src/DistanceEducation/e3.java</file>
            <file>file:/C:/Users/User/Documents/NetBeansProjects/DistanceEducation/src/DistanceEducation/Login.java</file>
            <file>file:/C:/Users/User/Documents/NetBeansProjects/DistanceEducation/src/DistanceEducation/payment.java</file>
            <file>file:/C:/Users/User/Documents/NetBeansProjects/DistanceEducation/src/DistanceEducation/Signup.java</file>
            <file>file:/C:/Users/User/Documents/NetBeansProjects/DistanceEducation/src/DistanceEducation/e1.java</file>
            <file>file:/C:/Users/User/Documents/NetBeansProjects/DistanceEducation/src/DistanceEducation/f2.java</file>
        </group>
    </open-files>
</project-private>
